batch_size,repetition,individual_valid,batch_valid,individual_ms,batch_ms,reduction_pct,individual_throughput,batch_throughput
1,1,1,1,1.0418,5.8403,-460.5970435784219,959.877135726627,171.2240809547455
1,2,1,1,1.0624,5.7725,-443.3452560240964,941.2650602409639,173.235166738848
1,3,1,1,1.0861,5.777,-431.90313967406314,920.7255317189946,173.10022503029253
1,4,1,1,1.0336,5.8144,-462.5386996904025,967.4922600619195,171.98679141441937
1,5,1,1,1.0303,5.7266,-455.81869358439303,970.5910899737939,174.62368595676318
1,6,1,1,1.038,5.7154,-450.61657032755295,963.3911368015414,174.96588165307764
1,7,1,1,1.0395,5.766,-454.68975468975464,962.000962000962,173.4304543877905
1,8,1,1,1.0269,5.7987,-464.68010517090283,973.80465478625,172.45244623794989
1,9,1,1,1.0302,5.7537,-458.5032032615026,970.6853038245001,173.80120618037088
1,10,1,1,1.0244,5.6857,-455.0273330730184,976.1811792268645,175.87983889406757
1,11,1,1,1.0241,5.7731,-463.72424567913293,976.4671418806757,173.21716235644627
1,12,1,1,1.0301,5.7466,-457.8681681390156,970.7795359673819,174.01593986009118
1,13,1,1,1.0246,5.741,-460.3162209642787,975.9906304899474,174.1856819369448
1,14,1,1,1.0752,5.7399,-433.84486607142856,930.0595238095239,174.21906304987894
1,15,1,1,1.0541,5.7666,-447.06384593492083,948.6765961483729,173.4124093920161
1,16,1,1,1.0255,5.7456,-460.273037542662,975.1340809361286,174.04622667780563
1,17,1,1,1.0269,5.8049,-465.2838640568703,973.80465478625,172.2682561284432
1,18,1,1,1.0208,5.7414,-462.4412225705329,979.6238244514108,174.17354652175428
1,19,1,1,1.028,5.7305,-457.4416342412452,972.7626459143968,174.5048425093796
1,20,1,1,1.0272,5.8413,-468.66238317757023,973.520249221184,171.1947682878811
1,21,1,1,1.0412,5.8125,-458.2500960430273,960.4302727621975,172.04301075268816
1,22,1,1,1.0285,5.8048,-464.39474963539135,972.2897423432183,172.27122381477398
1,23,1,1,1.0251,5.7382,-459.7697785581895,975.5145839430301,174.27067721585166
1,24,1,1,1.0304,5.7862,-461.54891304347825,970.496894409938,172.82499740762503
1,25,1,1,1.017,5.8742,-477.6007866273354,983.2841691248772,170.23594702257327
1,26,1,1,1.0514,5.6827,-440.48887198021686,951.1128019783148,175.9726890386612
1,27,1,1,1.0588,5.756,-443.6343029845108,944.4654325651682,173.73175816539265
1,28,1,1,1.0472,5.6969,-444.01260504201684,954.927425515661,175.53406238480576
1,29,1,1,1.0401,5.8086,-458.4655321603692,961.4460148062686,172.15852356850186
1,30,1,1,2.0081,6.2477,-211.12494397689352,497.9831681689159,160.05890167581668
2,1,1,1,2.0747,6.9784,-236.35706367185614,963.99479442811,286.59864725438496
2,2,1,1,2.1048,6.7956,-222.86202964652225,950.2090459901178,294.30808169992343
2,3,1,1,2.0781,6.8234,-228.3480102016265,962.4175929935998,293.10900723979245
2,4,1,1,2.0862,6.8616,-228.9042277825712,958.6808551433229,291.4772064824531
2,5,1,1,2.0455,6.8814,-236.41652407724274,977.7560498655586,290.63853285668614
2,6,1,1,2.0411,7.039,-244.86306403409924,979.8637989319484,284.1312686461145
2,7,1,1,2.0608,6.8602,-232.89013975155282,970.496894409938,291.536689892423
2,8,1,1,2.0458,6.8553,-235.09140678463194,977.6126698602014,291.7450731550771
2,9,1,1,2.0618,6.9519,-237.17625375885152,970.0261907071491,287.6911347976812
2,10,1,1,2.063,6.8972,-234.3286476005816,969.4619486185167,289.97274256219913
2,11,1,1,2.0567,6.9415,-237.50668546701021,972.4315651286039,288.1221637974501
2,12,1,1,2.0722,6.8722,-231.63787279220153,965.1578033008396,291.02761852099763
2,13,1,1,2.0548,6.8711,-234.39264161962234,973.3307377846991,291.0742093696788
2,14,1,1,2.0905,6.8492,-227.6345371920593,956.7089213106913,292.0049056824155
2,15,1,1,2.0548,6.9415,-237.81876581662445,973.3307377846991,288.1221637974501
2,16,1,1,2.1585,6.9943,-224.0352096363215,926.5693768820939,285.9471283759633
2,17,1,1,2.4371,7.2548,-197.6816708382914,820.6474908702966,275.67955009097426
2,18,1,1,2.1207,6.8812,-224.47776677512147,943.0848304805019,290.64698017787595
2,19,1,1,2.0639,7.1156,-244.764765734774,969.0391976355444,281.0725729383327
2,20,1,1,2.2554,7.5259,-233.68360379533567,886.7606632969762,265.7489469697976
2,21,1,1,2.2523,7.4285,-229.81840784975358,887.9811747990942,269.23335801305785
2,22,1,1,2.3173,7.7038,-232.44724463815646,863.0734043930436,259.6121394636413
2,23,1,1,2.8718,7.4465,-159.2973048262414,696.4273278083432,268.5825555630162
2,24,1,1,2.2001,7.4295,-237.68919594563886,909.0495886550611,269.19711959082036
2,25,1,1,2.7675,8.1861,-195.7940379403794,722.6738934056008,244.31658543140202
2,26,1,1,2.2987,8.8402,-284.57388958976804,870.0569887327619,226.2392253568924
2,27,1,1,2.3932,8.745,-265.41032926625434,835.7011532675914,228.70211549456835
2,28,1,1,2.7086,10.3602,-282.4928007088533,738.3888355608062,193.04646628443467
2,29,1,1,2.1607,7.8938,-265.3353080020364,925.6259545517657,253.36339912336265
2,30,1,1,2.3454,7.1641,-205.45322759444016,852.7330092947898,279.16974916598036
5,1,1,1,5.3847,10.244,-90.2427247571824,928.5568369639907,488.09058961343226
5,2,1,1,10.0147,16.6163,-65.91909892458087,499.2660788640698,300.9093480498065
5,3,1,1,5.8201,11.8712,-103.96900396900396,859.0917681826772,421.18741155064356
5,4,1,1,5.3749,11.2123,-108.60481125230237,930.2498651137695,445.9388350293873
5,5,1,1,5.6533,10.3699,-83.43091645587533,884.4391771177897,482.16472675724935
5,6,1,1,5.237,11.1797,-113.47527210234867,954.7450830628221,447.2391924649141
5,7,1,1,5.4344,10.2068,-87.81834241130575,920.0647725599882,489.8694987655289
5,8,1,1,5.2937,10.3099,-94.75791979145022,944.5189564954568,484.9707562633973
5,9,1,1,5.0634,10.4071,-105.53580598017143,987.4787692064621,480.44123723227415
5,10,1,1,5.1528,10.2383,-98.69391398851111,970.3462195311287,488.36232577674025
5,11,1,1,5.1861,10.1361,-95.44744605773127,964.11561674476,493.2863724706741
5,12,1,1,5.1761,10.2554,-98.12986611541508,965.9782461698962,487.54802348031285
5,13,1,1,5.2944,10.302,-94.58295557570261,944.3940767603505,485.34265191225
5,14,1,1,5.2062,10.2806,-97.46840305789252,960.3933771272713,486.35293659903124
5,15,1,1,5.2967,10.1077,-90.8301395208337,943.983990031529,494.67237848373026
5,16,1,1,5.2673,10.1456,-92.61481214284359,949.252937937843,492.82447563475796
5,17,1,1,5.1687,10.3288,-99.8336138680906,967.3612320312651,484.0833397877779
5,18,1,1,5.6687,10.546,-86.03912713673327,882.0364457459382,474.1134079271762
5,19,1,1,5.2405,10.1046,-92.81747924816334,954.107432496899,494.8241395008214
5,20,1,1,5.1743,10.2035,-97.19575594766442,966.314284057747,490.0279315921007
5,21,1,1,5.4883,10.4247,-89.94406282455405,911.0289160577958,479.6301092597389
5,22,1,1,5.0953,10.278,-101.71530626263421,981.2964889211627,486.47596808717645
5,23,1,1,5.2321,10.2089,-95.12050610653466,955.6392270789931,489.76873120512494
5,24,1,1,5.1638,10.0832,-95.26705139625855,968.2791742515201,495.87432561091714
5,25,1,1,5.1277,10.1588,-98.11611443727206,975.0960469606257,492.1841162342009
5,26,1,1,5.1572,10.072,-95.29977507174436,969.518343287055,496.4257347100874
5,27,1,1,5.103,10.0948,-97.82088967274152,979.8157946306095,495.30451321472447
5,28,1,1,5.1456,10.1509,-97.2733986318408,971.7039800995025,492.5671615324749
5,29,1,1,5.2185,10.2529,-96.47216633132128,958.1297307655457,487.66690399789326
5,30,1,1,5.1279,10.2151,-99.20630277501509,975.0580159519491,489.47146870808905
10,1,1,1,10.3825,15.6575,-50.806645798218156,963.1591620515289,638.6715631486508
10,2,1,1,10.4089,15.5064,-48.97251390636859,960.7163100807963,644.8950110921942
10,3,1,1,10.2947,15.5927,-51.463374357679186,971.3736194352433,641.32574858748
10,4,1,1,10.4293,15.4767,-48.396344912889646,958.8371223380285,646.1325734814269
10,5,1,1,10.2248,15.5038,-51.62937172365229,978.0142398873327,645.0031605154866
10,6,1,1,10.2373,15.5397,-51.794906860207284,976.8200599767517,643.513066532816
10,7,1,1,10.1663,15.6153,-53.598654377698864,983.6420329913539,640.3975588045058
10,8,1,1,10.6116,15.698,-47.93245127973163,942.3649591013609,637.0238246910434
10,9,1,1,10.1784,15.7585,-54.82295842175588,982.4726872592942,634.5781641653712
10,10,1,1,10.2964,15.5731,-51.24800901285886,971.2132395788818,642.1329086694365
10,11,1,1,10.3131,15.264,-48.00593420019198,969.6405542465408,655.1362683438156
10,12,1,1,10.3709,15.4599,-49.06999392531023,964.2364693517437,646.8347143254484
10,13,1,1,10.1774,15.3491,-50.815532454261394,982.56922200169,651.5039969770215
10,14,1,1,10.1982,15.5931,-52.900511855033244,980.5651977800005,641.3092970608794
10,15,1,1,10.3878,15.5013,-49.22601513313695,962.6677448545408,645.1071845587144
10,16,1,1,10.2596,15.5547,-51.61117392490935,974.6968692736558,642.8925019447498
10,17,1,1,10.3378,15.3929,-48.89918551335874,967.3238019694713,649.6501633870162
10,18,1,1,10.2225,15.5856,-52.46368305209097,978.2342871117633,641.617903705985
10,19,1,1,10.2491,15.466,-50.90105472675649,975.695426915534,646.579593948015
10,20,1,1,10.2351,15.48,-51.244247735732934,977.0300241326418,645.9948320413437
10,21,1,1,10.2156,15.6814,-53.50444418340577,978.8950232977015,637.698164704682
10,22,1,1,10.2787,15.4628,-50.43536634010136,972.8856762041893,646.7134024885531
10,23,1,1,10.2603,15.5161,-51.22462306170384,974.6303714316344,644.4918504005517
10,24,1,1,10.3615,15.5084,-49.6733098489601,965.1112290691503,644.8118439039488
10,25,1,1,10.2848,16.0564,-56.11776602364654,972.3086496577473,622.8046137365786
10,26,1,1,10.1254,15.508,-53.159381357773505,987.615304086752,644.8284756254836
10,27,1,1,10.2703,15.5264,-51.17766764359366,973.6813919749178,644.0643033800494
10,28,1,1,10.2089,15.3599,-50.45597468875197,979.5374624102499,651.045905246779
10,29,1,1,10.0899,15.4323,-52.94799750245295,991.090100000991,647.9915501901855
10,30,1,1,10.3769,15.5714,-50.05830257591383,963.6789407241084,642.203013216538
25,1,1,1,25.9548,31.7384,-22.283354138733493,963.2129702405721,787.6893605222696
25,2,1,1,26.2282,32.8368,-25.196544177640842,953.1725394804066,761.340934561224
25,3,1,1,25.6745,34.3517,-33.79695807123801,973.7287970554441,727.7660203134052
25,4,1,1,25.7762,31.9697,-24.02797929873294,969.8869499771107,781.990447204697
25,5,1,1,25.6593,31.7988,-23.92699722907483,974.3056123900495,786.1931896801136
25,6,1,1,26.0528,32.0681,-23.088881041577103,959.5897561874347,779.5909330456122
25,7,1,1,25.844,31.7229,-22.747639684259394,967.3425166382912,788.0742302878994
25,8,1,1,25.4764,31.6928,-24.400621751895855,981.3003407074782,788.8226978998384
25,9,1,1,25.4902,31.7417,-24.52511161152129,980.76907988168,787.6074690391503
25,10,1,1,25.6917,31.6901,-23.347618102344338,973.0769081065091,788.889905680323
25,11,1,1,26.7047,32.3851,-21.271162005190106,936.1647949611867,771.9599445423976
25,12,1,1,25.8784,32.6986,-26.354797823667614,966.0566341041177,764.5587272849601
25,13,1,1,32.3765,32.6936,-0.9794140812008818,772.1649962163915,764.6756551741013
25,14,1,1,26.131,32.4566,-24.207263403620228,956.71807431786,770.2593617322824
25,15,1,1,28.3344,35.4644,-25.16375854085493,882.3197244339037,704.9322701074881
25,16,1,1,25.8429,32.0416,-23.986085152982067,967.383691458776,780.2356935983221
25,17,1,1,25.8841,43.3187,-67.35640798791536,965.8438964460807,577.117965220563
25,18,1,1,25.8235,31.7235,-22.847406432125787,968.1104420392279,788.0593251059939
25,19,1,1,25.7225,32.1035,-24.807075517542994,971.9117504130626,778.7312909807342
25,20,1,1,25.7556,32.0378,-24.391588625386305,970.662690832285,780.3282372697252
25,21,1,1,25.8127,31.9585,-23.809210194981546,968.5154981850019,782.264499272494
25,22,1,1,25.5922,32.1085,-25.462054844835542,976.8601370730145,778.6100253826869
25,23,1,1,25.8656,31.8757,-23.235880861066427,966.5347024619572,784.2965017238837
25,24,1,1,25.7635,31.939,-23.96995749801075,970.3650513323112,782.7421021321894
25,25,1,1,25.2885,31.3754,-24.06983411432074,988.5916523320877,796.8025905645825
25,26,1,1,25.6473,31.6318,-23.33384020930077,974.7614758668553,790.3438944353467
25,27,1,1,25.6868,31.759,-23.639378980643748,973.2625317283585,787.178437608237
25,28,1,1,26.0195,31.8621,-22.454697438459622,960.8178481523472,784.6312703807971
25,29,1,1,25.891,31.5538,-21.871692866246963,965.5864972384227,792.2975996551921
25,30,1,1,25.7125,31.89,-24.025279533300935,972.2897423432183,783.9448102853559
50,1,1,1,51.9764,59.3228,-14.134107017800392,961.9750502150977,842.8462580997525
50,2,1,1,51.3921,58.8799,-14.569943629468343,972.9121791092406,849.1862248407351
50,3,1,1,51.3684,59.1503,-15.149196782457699,973.3610546561699,845.3042503588316
50,4,1,1,51.4827,59.1752,-14.941912525955312,971.2000341862412,844.9485595316958
50,5,1,1,51.4768,59.1713,-14.947510334752753,971.3113480247413,845.0042503713793
50,6,1,1,51.4094,59.362,-15.469155446280261,972.5847802152914,842.2896802668373
50,7,1,1,51.4919,59.3705,-15.30065893859034,971.0265109658023,842.1690907100327
50,8,1,1,50.8243,59.1577,-16.39648750696025,983.7813801665739,845.1985117744605
50,9,1,1,50.8911,58.5225,-14.995549320018625,982.4900621130217,854.3722499893204
50,10,1,1,51.2133,58.5048,-14.23751252116151,976.3088885113829,854.6307311536831
50,11,1,1,51.364,59.0852,-15.03231835526829,973.444435791605,846.23560553235
50,12,1,1,51.1441,58.6826,-14.739725598847176,977.6298732405105,852.0413205958836
50,13,1,1,51.3538,59.3365,-15.544516666731578,973.6377833772768,842.6516562318303
50,14,1,1,51.2865,59.1138,-15.261911029218219,974.915426086787,845.8261861020608
50,15,1,1,51.0066,59.1661,-15.996949414389514,980.2652990005215,845.0785162449444
50,16,1,1,51.4108,59.8615,-16.43759676955036,972.558295144211,835.2613950535821
50,17,1,1,51.1936,59.0813,-15.407590011251395,976.6845855731965,846.2914661661135
50,18,1,1,51.4885,59.3215,-15.213105839167966,971.0906318886741,842.8647286397006
50,19,1,1,51.4085,59.2916,-15.33423461100792,972.6018070941576,843.289774605509
50,20,1,1,51.6827,59.3153,-14.768191290315722,967.4417164737911,842.9528300455363
50,21,1,1,51.1153,58.9257,-15.279965098512584,978.1807012773085,848.5261948521613
50,22,1,1,51.7038,59.6105,-15.292299598868944,967.0469095114865,838.7784031336761
50,23,1,1,51.776,59.2752,-14.483930778739174,965.6983930778739,843.5230922881744
50,24,1,1,51.3589,59.3698,-15.597880795733552,973.5410999846181,842.1790203099893
50,25,1,1,51.1655,58.9971,-15.306407637959175,977.2209789799767,847.4992838631051
50,26,1,1,51.1049,58.9891,-15.427483470273886,978.3797639756657,847.6142202542503
50,27,1,1,51.2706,59.0404,-15.15449399850986,975.2177661271762,846.8777311806831
50,28,1,1,51.1694,58.8497,-15.009556492747608,977.1464977115228,849.6220031707893
50,29,1,1,51.2338,59.1794,-15.50851195890213,975.9182414734023,844.8885929901284
50,30,1,1,51.5452,59.0349,-14.530353941783131,970.0224269185104,846.9566307387664
100,1,1,1,103.1528,114.5026,-11.00290055141499,969.435633351688,873.3426140541787
100,2,1,1,102.8883,113.8119,-10.616950615376085,971.927809090052,878.6427429820608
100,3,1,1,102.9873,114.0753,-10.766376048308862,970.993510850367,876.6139558695002
100,4,1,1,103.5897,114.0728,-10.119828515769434,965.3469408638118,876.6331675912224
100,5,1,1,102.3827,114.2832,-11.62354577482328,976.7275135350015,875.0192504235094
100,6,1,1,102.2816,113.7012,-11.164862497262462,977.6929574820887,879.4981935107105
100,7,1,1,104.7541,115.1027,-9.878945072316984,954.6165734801789,868.7893507276546
100,8,1,1,102.873,114.4199,-11.224422345999429,972.0723610665577,873.9738454587008
100,9,1,1,102.7816,113.8812,-10.7992091969769,972.9367902426116,878.1080634907254
100,10,1,1,103.1791,114.4207,-10.895229750986383,969.1885275215619,873.9677348591645
100,11,1,1,105.2138,114.5384,-8.862525638271775,950.4456639718363,873.0696430192844
100,12,1,1,102.8711,113.5856,-10.41546167971374,972.090314966983,880.3932892901918
100,13,1,1,103.6748,114.9177,-10.844390343651485,964.5545494179877,870.1879693032492
100,14,1,1,102.8373,113.7084,-10.571164353789918,972.4098162826135,879.442503807986
100,15,1,1,105.7771,115.1215,-8.834048201359266,945.3842088694056,868.647472453017
100,16,1,1,104.4172,115.879,-10.976927172917884,957.696624694016,862.9691315941628
100,17,1,1,103.4353,114.8938,-11.07793954288333,966.7879340998674,870.3689842271732
100,18,1,1,102.671,114.4952,-11.51659183216292,973.984864275209,873.3990595238928
100,19,1,1,103.3583,114.6562,-10.930810588022442,967.5081730252916,872.1726343625552
100,20,1,1,103.2483,114.8378,-11.224882153023342,968.538949309577,870.7934147118806
100,21,1,1,102.5813,115.0027,-12.108834651149873,974.8365442824374,869.5448019916054
100,22,1,1,103.5038,115.3278,-11.423735167211252,966.1481027749707,867.0936235669111
100,23,1,1,102.4428,113.911,-11.19473501309999,976.1544979246955,877.8783436191412
100,24,1,1,105.486,115.3588,-9.359346263959196,947.993098610242,866.8606122809877
100,25,1,1,102.9452,113.6365,-10.385428363828522,971.3906039329663,879.9989440012672
100,26,1,1,105.4231,114.9652,-9.051242090206028,948.558712464346,869.8284350394729
100,27,1,1,103.1317,113.989,-10.527606933658623,969.6339728715808,877.2776320522155
100,28,1,1,103.4865,114.5886,-10.728065979620522,966.3096152638266,872.6871608519522
100,29,1,1,102.7038,114.1187,-11.114389146263335,973.6738075903716,876.2805745245959
100,30,1,1,103.859,115.7986,-11.495970498464263,962.8438556119355,863.5682987531802
200,1,1,1,205.2742,223.7013,-8.97682222120461,974.3065616624008,894.0493416891185
200,2,1,1,206.398,223.6086,-8.338549792149148,969.0016376127676,894.4199820579352
200,3,1,1,204.9731,224.2922,-9.42518798808235,975.7377919346491,891.6939599326237
200,4,1,1,205.6611,224.0162,-8.924925520674543,972.4736471797535,892.7925748227137
200,5,1,1,208.6503,223.5687,-7.149953774329594,958.5416364126963,894.5796079683784
200,6,1,1,205.5118,223.2346,-8.623738393610491,973.1801288295854,895.9184642524053
200,7,1,1,206.0171,229.5339,-11.414974776365646,970.7932011468951,871.3309885816432
200,8,1,1,206.8335,224.412,-8.498865029117633,966.9613481375117,891.2179384346648
200,9,1,1,207.5638,225.3453,-8.56676356859916,963.5591562690604,887.526831045511
200,10,1,1,207.1594,225.2467,-8.731102716072744,965.4401393323209,887.9153390482525
200,11,1,1,208.6257,234.9665,-12.625865365580559,958.6546623929842,851.1851689496162
200,12,1,1,210.5377,228.2764,-8.425426895040648,949.9486315277502,876.13086591518
200,13,1,1,209.4074,225.6485,-7.755743111274968,955.0760861364021,886.3342765407259
200,14,1,1,207.5291,227.1867,-9.47221377628487,963.7202686273877,880.333223731847
200,15,1,1,206.2692,224.4881,-8.832583827347946,969.6067081270494,890.9158213731597
200,16,1,1,206.0518,224.5201,-8.96294038683478,970.6297154404864,890.788842513432
200,17,1,1,205.889,224.0334,-8.812709761084852,971.3972091758179,892.7240313274717
200,18,1,1,205.4473,224.3591,-9.20518303233968,973.4856578791739,891.428072228851
200,19,1,1,206.9173,226.0229,-9.233447372452657,966.5697358316584,884.8660910022834
200,20,1,1,207.3486,225.1598,-8.58997842281066,964.5592012678167,888.2580282981243
200,21,1,1,207.6225,226.1107,-8.904718900889838,963.2867343375597,884.5224927435986
200,22,1,1,207.6511,224.8117,-8.264150779841756,963.1540598629142,889.6334132075866
200,23,1,1,220.6225,234.4891,-6.285215696495147,906.5258529841698,852.9181100528766
200,24,1,1,206.7226,225.257,-8.965831505602196,967.4800916784135,887.8747386318738
200,25,1,1,207.5691,225.5394,-8.657502489532407,963.5345530717242,886.7630223366738
200,26,1,1,207.2824,227.4362,-9.72287082743157,964.8672535632547,879.3674885528337
200,27,1,1,207.2348,225.939,-9.025607668210158,965.0888750345019,885.1946764392159
200,28,1,1,211.0902,223.6588,-5.954137141373689,947.4622696837655,894.2192303633927
200,29,1,1,207.7052,224.8877,-8.272542045167866,962.9031916389191,889.3327647532524
200,30,1,1,205.3839,223.2567,-8.702142670384573,973.7861633750259,895.8297780089018
300,1,1,1,312.5943,337.3132,-7.907661783980074,959.7103977903628,889.3811448825602
300,2,1,1,316.4744,341.7076,-7.973219950808031,947.9439727194364,877.9435985620454
300,3,1,1,334.0612,334.9177,-0.25639014647616654,898.0390419480024,895.742446577174
300,4,1,1,308.4932,333.883,-8.230262449869228,972.4687610618321,898.5183432519775
300,5,1,1,313.1109,337.1032,-7.662556621312129,958.1269767357188,889.9351889866367
300,6,1,1,309.8115,334.6351,-8.012485011047039,968.3307430485957,896.4989028347594
300,7,1,1,310.6685,333.911,-7.481447266137381,965.6595374168929,898.4429982839738
300,8,1,1,312.5551,334.5206,-7.027720872255811,959.8307626399314,896.8057572538133
300,9,1,1,310.0027,334.2242,-7.8133190452857315,967.7335068371984,897.6010713766389
300,10,1,1,307.9033,332.5353,-7.99991425879489,974.3318762741419,902.1598609230357
300,11,1,1,339.3302,337.8527,0.4354165942200145,884.0946075533508,887.9609368224673
300,12,1,1,311.0936,338.3601,-8.764725471690838,964.3399928510263,886.6293632139251
300,13,1,1,311.1187,334.8669,-7.633163805325748,964.262193175788,895.8783325554124
300,14,1,1,307.9805,333.2661,-8.210130186813771,974.0876451593526,900.1815666219876
300,15,1,1,309.8419,333.8131,-7.736590822609856,968.2357357090826,898.7064917464293
300,16,1,1,312.638,347.6356,-11.194288602153302,959.5762511275021,862.9726069481952
300,17,1,1,310.3046,337.2488,-8.683145528619306,966.7919843921103,889.5509783874694
300,18,1,1,310.6669,336.2304,-8.228588240330714,965.6645107669983,892.2453174965738
300,19,1,1,309.2686,336.5862,-8.832969140740454,970.0305818308099,891.302138946873
300,20,1,1,310.9483,335.0555,-7.752800063547533,964.7906098859521,895.3740499708257
300,21,1,1,309.3539,334.9754,-8.282261836686063,969.763109500155,895.5881536375507
300,22,1,1,308.5451,333.3107,-8.026573748861999,972.3051832617014,900.0611141496507
300,23,1,1,332.3522,347.5993,-4.5876332396776816,902.6568802613614,863.0627276867357
300,24,1,1,317.8787,335.1026,-5.418387579916495,943.7562189602513,895.2482015955711
300,25,1,1,308.2356,335.2915,-8.777668770252369,973.2814768962443,894.7438273860209
300,26,1,1,309.9133,333.5113,-7.614387636800361,968.0126667684156,899.5197464073931
300,27,1,1,308.9925,334.7174,-8.325412429104263,970.8973518774727,896.2784725263759
300,28,1,1,315.2959,338.3938,-7.32578507998359,951.4871585707267,886.5410654686935
300,29,1,1,317.449,340.6241,-7.300416759857484,945.0336904510644,880.7362720371225
300,30,1,1,311.9709,337.6598,-8.234389810075252,961.6281518564713,888.4682156418975
500,1,1,1,519.8204,555.4041,-6.84538352092377,961.8706768722428,900.2454249077384
500,2,1,1,520.3351,563.1275,-8.224007951798763,960.9192230160909,887.8983889083734
500,3,1,1,529.2569,558.1603,-5.4611286125887135,944.7207962711494,895.800005840616
500,4,1,1,517.1322,553.2932,-6.992602665237234,966.8707537453672,903.6800018507367
500,5,1,1,520.5308,556.4388,-6.898342999107837,960.5579535351224,898.5714152212247
500,6,1,1,516.7555,580.1407,-12.265994266147155,967.5755749092172,861.8598901956025
500,7,1,1,517.0335,558.3299,-7.987180714595853,967.0553262022673,895.5278948879508
500,8,1,1,568.9198,581.7954,-2.2631660912487073,878.8584963996683,859.4086512199993
500,9,1,1,517.1184,553.773,-7.088241300251562,966.8965559918194,902.8970354278738
500,10,1,1,515.3763,554.0244,-7.499006066053095,970.1649066905094,902.4873272729504
500,11,1,1,517.6787,553.9408,-7.004750243732245,965.8500533245814,902.6235294457458
500,12,1,1,514.3908,555.7893,-8.04806384562088,972.0236053988523,899.6214932529286
500,13,1,1,520.3623,571.0039,-9.731988654827614,960.8689945447622,875.6507617548672
500,14,1,1,517.288,554.0244,-7.101730564018497,966.5795456302873,902.4873272729504
500,15,1,1,518.1632,555.3693,-7.18038255128886,964.9469510764177,900.3018351932669
500,16,1,1,517.9391,553.5042,-6.866656716976941,965.3644608024377,903.3355121785887
500,17,1,1,516.7257,556.2923,-7.657176718711687,967.6313757957075,898.8080546863583
500,18,1,1,517.9244,553.0303,-6.7781900215552735,965.3918602792223,904.1095939951211
500,19,1,1,538.7094,559.2486,-3.8126678316732643,928.1441905413196,894.0567754662238
500,20,1,1,516.0794,554.2327,-7.392912795976755,968.8431663809872,902.1481410245191
500,21,1,1,522.5959,554.1837,-6.044402568026273,956.7621942690328,902.2279074610096
500,22,1,1,514.1163,555.3307,-8.016551896915143,972.5425939617165,900.3644134927171
500,23,1,1,516.1929,556.8514,-7.876609693779206,968.6301380743517,897.9056171897925
500,24,1,1,623.272,634.294,-1.7684092980271748,802.2179722496759,788.2779909631811
500,25,1,1,548.6554,672.4858,-22.569795175623906,911.3188351012311,743.5101231877312
500,26,1,1,537.0897,559.9786,-4.261653127959824,930.9431925430705,892.8912640590194
500,27,1,1,527.4881,563.3826,-6.804798060847248,947.888682228092,887.496347952528
500,28,1,1,524.7295,580.4141,-10.612058212850608,952.8719082879844,861.4539171257212
500,29,1,1,526.0977,565.1653,-7.425921078917465,950.3938146849911,884.6969196445713
500,30,1,1,521.0985,558.2618,-7.13172269734034,959.5114935084251,895.6371365549281
