batch_size,invalid_ratio_pct,invalid_requests,latency_ms,verification_calls,max_recursion_depth,isolated_invalid,isolation_correct,throughput_auth_s
10,0,0,18.3232,1,0,0,1,545.7561997904296
10,0,0,17.9715,1,0,0,1,556.4365801407786
10,0,0,17.8141,1,0,0,1,561.3530854772343
10,0,0,17.9378,1,0,0,1,557.4819654584174
10,0,0,18.0462,1,0,0,1,554.1332801365385
10,0,0,18.025,1,0,0,1,554.7850208044383
10,0,0,17.9816,1,0,0,1,556.1240379054144
10,0,0,17.4247,1,0,0,1,573.8979724184634
10,0,0,17.6292,1,0,0,1,567.2407142695074
10,0,0,17.5072,1,0,0,1,571.1935660756717
10,0,0,18.5931,1,0,0,1,537.8339276398233
10,0,0,18.5174,1,0,0,1,540.0326179701254
10,0,0,18.138,1,0,0,1,551.328702172235
10,0,0,17.5971,1,0,0,1,568.2754544782947
10,0,0,17.86,1,0,0,1,559.9104143337066
10,0,0,17.6142,1,0,0,1,567.7237683232846
10,0,0,17.9126,1,0,0,1,558.2662483391579
10,0,0,17.6126,1,0,0,1,567.7753426524193
10,0,0,18.4426,1,0,0,1,542.2228969884941
10,0,0,18.0939,1,0,0,1,552.6724476204687
10,0,0,17.8437,1,0,0,1,560.4218855954764
10,0,0,18.4115,1,0,0,1,543.1387991201151
10,0,0,18.0712,1,0,0,1,553.3666828987559
10,0,0,17.8548,1,0,0,1,560.0734816407912
10,0,0,17.9086,1,0,0,1,558.3909406653786
10,0,0,17.6045,1,0,0,1,568.0365815558521
10,0,0,17.6439,1,0,0,1,566.7681181598174
10,0,0,18.0037,1,0,0,1,555.4413814938041
10,0,0,17.8249,1,0,0,1,561.0129650096213
10,0,0,18.5328,1,0,0,1,539.5838729172062
10,5,1,45.6116,7,3,1,1,219.24247340588798
10,5,1,39.7316,7,3,1,1,251.6888320631437
10,5,1,39.001,7,3,1,1,256.4036819568729
10,5,1,37.4859,7,3,1,1,266.7669710477806
10,5,1,38.2487,7,3,1,1,261.4467942701321
10,5,1,37.5699,7,3,1,1,266.1705248084238
10,5,1,37.5162,7,3,1,1,266.55151641157687
10,5,1,45.1969,9,4,1,1,221.25411256081722
10,5,1,44.8272,9,4,1,1,223.0788449869722
10,5,1,37.4274,7,3,1,1,267.18393476437046
10,5,1,37.0948,7,3,1,1,269.5795637124341
10,5,1,37.9026,7,3,1,1,263.83414330415326
10,5,1,38.6165,7,3,1,1,258.9566636023461
10,5,1,45.8956,9,4,1,1,217.8858104044832
10,5,1,45.7326,9,4,1,1,218.66239837665037
10,5,1,38.4605,7,3,1,1,260.00702018954513
10,5,1,45.1825,9,4,1,1,221.32462789796935
10,5,1,37.5198,7,3,1,1,266.5259409698346
10,5,1,44.3469,9,4,1,1,225.49490494262284
10,5,1,45.4066,9,4,1,1,220.23230103112763
10,5,1,38.6008,7,3,1,1,259.061988352573
10,5,1,37.7326,7,3,1,1,265.0228184646698
10,5,1,44.4533,9,4,1,1,224.95517768084707
10,5,1,38.3803,7,3,1,1,260.55033441635425
10,5,1,47.4397,9,4,1,1,210.79391311496488
10,5,1,45.3088,9,4,1,1,220.70767709584013
10,5,1,45.4071,9,4,1,1,220.2298759445109
10,5,1,37.8832,7,3,1,1,263.9692528614267
10,5,1,38.6311,7,3,1,1,258.8587951158522
10,5,1,44.5125,9,4,1,1,224.65599550688006
10,10,1,37.5452,7,3,1,1,266.3456313989538
10,10,1,37.666,7,3,1,1,265.49142462698455
10,10,1,38.4573,7,3,1,1,260.02865515779837
10,10,1,37.7217,7,3,1,1,265.0993990196624
10,10,1,37.9029,7,3,1,1,263.8320550670265
10,10,1,37.1069,7,3,1,1,269.4916578857301
10,10,1,45.3294,7,3,1,1,220.60737622823157
10,10,1,50.6026,9,4,1,1,197.618304197808
10,10,1,41.0472,7,3,1,1,243.62197665126976
10,10,1,40.9169,7,3,1,1,244.39779162155492
10,10,1,65.1451,9,4,1,1,153.50348683170338
10,10,1,60.6606,9,4,1,1,164.85165000016485
10,10,1,40.5946,7,3,1,1,246.33818291102756
10,10,1,44.9668,9,4,1,1,222.3862938879351
10,10,1,38.1726,7,3,1,1,261.96800846680605
10,10,1,37.7366,7,3,1,1,264.9947266049405
10,10,1,38.4806,7,3,1,1,259.87120782939974
10,10,1,39.0641,7,3,1,1,255.98951466947912
10,10,1,47.8088,7,3,1,1,209.16651327789026
10,10,1,42.4955,7,3,1,1,235.3190337800473
10,10,1,40.6384,7,3,1,1,246.07268002677273
10,10,1,46.3988,9,4,1,1,215.52281524522184
10,10,1,38.3833,7,3,1,1,260.52997006510645
10,10,1,40.0708,7,3,1,1,249.5582818411412
10,10,1,44.735,9,4,1,1,223.53861629596514
10,10,1,37.725,7,3,1,1,265.0762094102054
10,10,1,44.2903,9,4,1,1,225.78307213994935
10,10,1,44.2304,9,4,1,1,226.08884387208795
10,10,1,37.6504,7,3,1,1,265.60142787327624
10,10,1,37.9651,7,3,1,1,263.39980666454187
10,20,2,37.2299,11,4,2,1,268.6013123860123
10,20,2,30.4852,9,4,2,1,328.0280267146025
10,20,2,37.281,11,4,2,1,268.23314825246104
10,20,2,39.1275,11,3,2,1,255.57472365983008
10,20,2,37.7063,11,4,2,1,265.2076708666722
10,20,2,48.5206,13,4,2,1,206.09802846625968
10,20,2,37.686,11,4,2,1,265.3505280475508
10,20,2,30.5535,9,4,2,1,327.2947452828645
10,20,2,32.0027,9,4,2,1,312.4736350370438
10,20,2,39.8266,11,3,2,1,251.0884685109952
10,20,2,25.4283,7,3,2,1,393.2626247134098
10,20,2,30.5486,9,4,2,1,327.3472434088632
10,20,2,39.3396,11,3,2,1,254.19678898616155
10,20,2,46.5576,13,4,2,1,214.78770383353094
10,20,2,38.5582,11,4,2,1,259.3482060884585
10,20,2,37.1101,11,4,2,1,269.4684196485593
10,20,2,37.2135,11,4,2,1,268.71968506052906
10,20,2,39.1921,11,3,2,1,255.1534620497498
10,20,2,32.0677,9,4,2,1,311.84026294370966
10,20,2,31.2456,9,4,2,1,320.04506234477816
10,20,2,52.4614,15,4,2,1,190.6163388701026
10,20,2,47.3021,13,4,2,1,211.40710454715543
10,20,2,45.9044,13,4,2,1,217.84404109409988
10,20,2,39.6863,11,3,2,1,251.9761227426089
10,20,2,46.0944,13,4,2,1,216.94609323475302
10,20,2,46.0949,13,4,2,1,216.94373997991102
10,20,2,47.1652,13,4,2,1,212.02072714628582
10,20,2,46.0338,13,4,2,1,217.23168628268795
10,20,2,45.3405,13,4,2,1,220.55336840131892
10,20,2,39.3905,11,3,2,1,253.86831850319237
10,30,3,38.9834,13,3,3,1,256.5194416084795
10,30,3,31.0381,11,4,3,1,322.18466980904117
10,30,3,44.7307,15,4,3,1,223.56010525209757
10,30,3,34.8807,13,4,3,1,286.69149415006007
10,30,3,31.8472,11,4,3,1,313.9993468813585
10,30,3,47.7464,15,4,3,1,209.4398740009718
10,30,3,35.5574,13,3,3,1,281.23541091305884
10,30,3,31.6455,13,4,3,1,316.0006952015294
10,30,3,26.6339,11,3,3,1,375.46134813151656
10,30,3,38.2516,15,4,3,1,261.42697298936514
10,30,3,21.6457,9,4,3,1,461.98552137376015
10,30,3,36.5471,15,4,3,1,273.6195211111142
10,30,3,34.7536,13,3,3,1,287.73997513926616
10,30,3,29.5458,11,3,3,1,338.45758111135933
10,30,3,34.4096,13,3,3,1,290.61657211940854
10,30,3,39.5456,15,4,3,1,252.87263311215406
10,30,3,41.0988,15,4,3,1,243.3161065529894
10,30,3,31.6617,13,4,3,1,315.83901053954776
10,30,3,43.8228,17,4,3,1,228.19171755341966
10,30,3,22.9306,9,4,3,1,436.0984884826389
10,30,3,32.8773,13,4,3,1,304.1612297846843
10,30,3,21.0874,9,3,3,1,474.21683090376246
10,30,3,31.7913,13,3,3,1,314.55146533800126
10,30,3,38.8736,15,4,3,1,257.2439907803754
10,30,3,36.702,13,4,3,1,272.46471581930143
10,30,3,35.0566,13,4,3,1,285.25299087760936
10,30,3,39.6897,15,4,3,1,251.95453732328536
10,30,3,35.4369,13,4,3,1,282.19172670295654
10,30,3,31.255,13,4,3,1,319.94880819068953
10,30,3,37.3013,15,4,3,1,268.0871712245954
25,0,0,33.5227,1,0,0,1,745.7633185871066
25,0,0,32.797,1,0,0,1,762.2648412964601
25,0,0,32.3301,1,0,0,1,773.2732036090207
25,0,0,32.6869,1,0,0,1,764.8323946290409
25,0,0,33.8255,1,0,0,1,739.0873749094618
25,0,0,36.9008,1,0,0,1,677.4920868924252
25,0,0,36.9686,1,0,0,1,676.2495739627683
25,0,0,36.3914,1,0,0,1,686.9754942101706
25,0,0,32.8986,1,0,0,1,759.9107560808059
25,0,0,32.6722,1,0,0,1,765.1765109175385
25,0,0,32.2877,1,0,0,1,774.2886610071326
25,0,0,32.007,1,0,0,1,781.0791389383572
25,0,0,33.6335,1,0,0,1,743.3065247446743
25,0,0,36.3734,1,0,0,1,687.3154558001178
25,0,0,54.4909,1,0,0,1,458.792202000701
25,0,0,34.8648,1,0,0,1,717.0555976228172
25,0,0,32.8978,1,0,0,1,759.9292353896005
25,0,0,32.4588,1,0,0,1,770.2071549163865
25,0,0,33.7528,1,0,0,1,740.6792917920884
25,0,0,32.9464,1,0,0,1,758.8082461209724
25,0,0,32.6023,1,0,0,1,766.8170650536925
25,0,0,33.1769,1,0,0,1,753.5363460721164
25,0,0,32.7533,1,0,0,1,763.2818677812616
25,0,0,32.366,1,0,0,1,772.4154977445468
25,0,0,32.7267,1,0,0,1,763.9022571783894
25,0,0,32.5041,1,0,0,1,769.133740051255
25,0,0,32.7989,1,0,0,1,762.2206842302637
25,0,0,32.4404,1,0,0,1,770.644011787771
25,0,0,32.275,1,0,0,1,774.593338497289
25,0,0,32.1934,1,0,0,1,776.5566855318172
25,5,1,70.264,11,5,1,1,355.8009791642947
25,5,1,70.4894,11,5,1,1,354.66325433327563
25,5,1,73.3136,11,5,1,1,341.00085113812446
25,5,1,64.7629,9,4,1,1,386.0234794921166
25,5,1,64.334,9,4,1,1,388.59700935741597
25,5,1,72.2965,11,5,1,1,345.7982059989073
25,5,1,66.233,9,4,1,1,377.45534703244607
25,5,1,71.5536,11,5,1,1,349.388430491268
25,5,1,73.0104,11,5,1,1,342.41697073293665
25,5,1,69.835,11,5,1,1,357.9866828953963
25,5,1,70.8471,11,5,1,1,352.8725946439586
25,5,1,70.4744,11,5,1,1,354.7387420112835
25,5,1,70.8142,11,5,1,1,353.0365378695234
25,5,1,63.5648,9,4,1,1,393.2994361659283
25,5,1,71.9331,11,5,1,1,347.5451495903833
25,5,1,64.9341,9,4,1,1,385.00572118501685
25,5,1,63.5577,9,4,1,1,393.3433714561729
25,5,1,65.691,9,4,1,1,380.5696366321109
25,5,1,71.156,11,5,1,1,351.3407161729158
25,5,1,72.0147,11,5,1,1,347.15134548918485
25,5,1,71.2237,11,5,1,1,351.006757582097
25,5,1,64.8652,9,4,1,1,385.41467535751065
25,5,1,64.1806,9,4,1,1,389.5258068637563
25,5,1,69.9651,11,5,1,1,357.3210071878694
25,5,1,72.6168,11,5,1,1,344.27295061197964
25,5,1,63.6494,9,4,1,1,392.7766797487486
25,5,1,63.282,9,4,1,1,395.05704623747675
25,5,1,64.3588,9,4,1,1,388.4472675065414
25,5,1,72.3328,11,5,1,1,345.6246682003185
25,5,1,74.7851,11,5,1,1,334.2911890202728
25,10,2,51.426,11,4,2,1,486.13541788200524
25,10,2,79.2065,19,5,2,1,315.6306616249929
25,10,2,71.2265,17,5,2,1,350.9929590812408
25,10,2,73.9094,17,5,2,1,338.2519679499495
25,10,2,79.865,19,5,2,1,313.0282351468103
25,10,2,72.6548,17,5,2,1,344.0928885634535
25,10,2,77.842,19,5,2,1,321.163382235811
25,10,2,83.2965,19,5,2,1,300.13265863511674
25,10,2,76.9454,17,5,2,1,324.9057123622724
25,10,2,58.6633,13,5,2,1,426.1608194561165
25,10,2,53.563,11,5,2,1,466.7401004424696
25,10,2,65.7156,15,5,2,1,380.42717406521433
25,10,2,64.0055,15,5,2,1,390.59143354867945
25,10,2,67.3341,15,4,2,1,371.2829012342928
25,10,2,75.1655,17,5,2,1,332.59939732989204
25,10,2,80.9051,19,5,2,1,309.00400592793284
25,10,2,64.0441,15,5,2,1,390.3560203047587
25,10,2,70.8762,17,5,2,1,352.7277139575767
25,10,2,73.7548,17,5,2,1,338.96098965762224
25,10,2,66.8669,15,5,2,1,373.8770602495405
25,10,2,77.8526,17,5,2,1,321.1196543211145
25,10,2,50.8853,11,5,2,1,491.30102406785454
25,10,2,74.2113,17,5,2,1,336.87592051345285
25,10,2,73.1592,17,5,2,1,341.7205218209057
25,10,2,81.6176,19,5,2,1,306.30648291544964
25,10,2,63.6343,15,5,2,1,392.869883066208
25,10,2,80.2309,19,5,2,1,311.60064264516535
25,10,2,74.402,17,5,2,1,336.01247278298973
25,10,2,80.8482,19,5,2,1,309.22147926608136
25,10,2,79.4609,19,5,2,1,314.6201465123098
25,20,5,76.7363,27,5,5,1,325.79105325641194
25,20,5,86.4412,29,5,5,1,289.2139396491488
25,20,5,80.831,27,5,5,1,309.28727839566506
25,20,5,66.805,23,5,5,1,374.223486265998
25,20,5,76.9311,25,5,5,1,324.9661060351405
25,20,5,105.025,35,5,5,1,238.038562247084
25,20,5,64.9655,23,5,5,1,384.81963503705805
25,20,5,78.5174,25,5,5,1,318.4007621240642
25,20,5,78.7109,25,5,5,1,317.61801732669807
25,20,5,76.9519,25,5,5,1,324.87826811293814
25,20,5,84.7798,27,5,5,1,294.881563768728
25,20,5,101.2984,31,5,5,1,246.7956058535969
25,20,5,83.3436,29,5,5,1,299.96304455291113
25,20,5,80.5859,27,5,5,1,310.2279679199463
25,20,5,78.1009,27,5,5,1,320.0987440605678
25,20,5,95.0634,31,5,5,1,262.98238859540055
25,20,5,89.5629,29,5,5,1,279.13343583113095
25,20,5,82.3131,29,5,5,1,303.7183631766997
25,20,5,89.5748,29,5,5,1,279.0963529921362
25,20,5,99.7178,33,5,5,1,250.70749655527902
25,20,5,95.1749,31,5,5,1,262.6742975301261
25,20,5,73.4073,25,5,5,1,340.56558407678796
25,20,5,98.7259,33,5,5,1,253.22635701472464
25,20,5,93.1815,31,5,5,1,268.29359905131383
25,20,5,73.9783,23,5,5,1,337.9369355608333
25,20,5,95.1756,31,5,5,1,262.67236560631085
25,20,5,84.5755,29,5,5,1,295.5938776596059
25,20,5,67.0544,23,5,5,1,372.8316113483977
25,20,5,98.6154,31,5,5,1,253.51010085645854
25,20,5,106.2502,35,5,5,1,235.2936747413181
25,30,8,88.6458,35,5,8,1,282.0212576343155
25,30,8,102.2801,41,5,8,1,244.42682398628864
25,30,8,91.0309,37,5,8,1,274.6320205556575
25,30,8,85.2185,35,5,8,1,293.36353021937725
25,30,8,105.7833,41,5,8,1,236.3321998841027
25,30,8,77.7896,31,5,8,1,321.3797217108714
25,30,8,81.8037,35,5,8,1,305.60964846333354
25,30,8,87.2388,35,5,8,1,286.569737318716
25,30,8,89.6975,37,5,8,1,278.7145684104908
25,30,8,89.3524,37,5,8,1,279.7910296757558
25,30,8,101.702,39,5,8,1,245.81620813749976
25,30,8,68.7276,29,5,8,1,363.75488159051093
25,30,8,79.6136,33,5,8,1,314.0167006642081
25,30,8,70.6383,31,5,8,1,353.9156519904924
25,30,8,94.798,39,5,8,1,263.71864385324585
25,30,8,80.25,33,5,8,1,311.52647975077883
25,30,8,88.1181,37,5,8,1,283.7101571640786
25,30,8,87.308,37,5,8,1,286.34260319787415
25,30,8,76.3389,33,5,8,1,327.4870347882927
25,30,8,90.5956,37,5,8,1,275.9515914680183
25,30,8,72.6848,31,5,8,1,343.950867306507
25,30,8,86.8457,35,5,8,1,287.8668719349375
25,30,8,106.7937,41,5,8,1,234.0962060496078
25,30,8,93.596,37,5,8,1,267.10543185606224
25,30,8,84.1074,33,5,8,1,297.23900631811233
25,30,8,81.1883,35,5,8,1,307.9261420672683
25,30,8,87.8516,35,5,8,1,284.5707989382094
25,30,8,72.3536,29,5,8,1,345.5253090378364
25,30,8,94.6998,39,5,8,1,263.9921098038222
25,30,8,99.0631,41,5,8,1,252.36440208311672
50,0,0,60.5785,1,0,0,1,825.3753394356083
50,0,0,65.6414,1,0,0,1,761.7144058475291
50,0,0,61.2811,1,0,0,1,815.9122470060099
50,0,0,59.9103,1,0,0,1,834.5810319761376
50,0,0,59.6916,1,0,0,1,837.6387967486212
50,0,0,62.5256,1,0,0,1,799.6724541627749
50,0,0,98.1894,1,0,0,1,509.21993616418877
50,0,0,60.3898,1,0,0,1,827.9543896485831
50,0,0,59.1892,1,0,0,1,844.7487041554879
50,0,0,60.223,1,0,0,1,830.2475798283048
50,0,0,59.9643,1,0,0,1,833.8294618631419
50,0,0,59.6379,1,0,0,1,838.3930353013772
50,0,0,62.8943,1,0,0,1,794.9846011482757
50,0,0,62.117,1,0,0,1,804.9326271391085
50,0,0,70.9397,1,0,0,1,704.8239561204797
50,0,0,60.6203,1,0,0,1,824.8062117805422
50,0,0,59.1342,1,0,0,1,845.5343946481055
50,0,0,59.968,1,0,0,1,833.778014941302
50,0,0,65.6039,1,0,0,1,762.1498112154918
50,0,0,60.8926,1,0,0,1,821.117836978549
50,0,0,63.4584,1,0,0,1,787.9177539931673
50,0,0,62.2444,1,0,0,1,803.2851148055087
50,0,0,62.8781,1,0,0,1,795.1894220722318
50,0,0,61.7185,1,0,0,1,810.12986381717
50,0,0,61.9308,1,0,0,1,807.3527227163221
50,0,0,61.5943,1,0,0,1,811.763426161187
50,0,0,61.1745,1,0,0,1,817.3340198939101
50,0,0,62.6801,1,0,0,1,797.7013438076838
50,0,0,61.0348,1,0,0,1,819.2047815344689
50,0,0,60.8112,1,0,0,1,822.216960033678
50,5,2,139.3507,23,6,2,1,358.8069525305578
50,5,2,130.137,21,6,2,1,384.2104858725804
50,5,2,133.0199,23,6,2,1,375.8836083924285
50,5,2,129.9041,23,6,2,1,384.89932188437473
50,5,2,112.8454,19,6,2,1,443.08407786227883
50,5,2,128.7664,23,6,2,1,388.30005343008736
50,5,2,133.4074,21,6,2,1,374.79180315334827
50,5,2,142.8466,23,6,2,1,350.0258319063947
50,5,2,144.6642,23,6,2,1,345.62801301220344
50,5,2,100.6698,17,6,2,1,496.67328235478766
50,5,2,116.521,19,6,2,1,429.1071995605942
50,5,2,124.7413,21,6,2,1,400.8295568508585
50,5,2,114.8974,19,6,2,1,435.1708567817896
50,5,2,108.6632,17,6,2,1,460.13737861575953
50,5,2,138.4932,23,6,2,1,361.0285559146586
50,5,2,97.1786,13,6,2,1,514.5165705206701
50,5,2,141.526,21,6,2,1,353.2919746195045
50,5,2,109.5512,17,6,2,1,456.4075975434318
50,5,2,143.4561,23,6,2,1,348.5386818685298
50,5,2,132.9951,23,6,2,1,375.9537005498699
50,5,2,108.003,17,6,2,1,462.950103237873
50,5,2,126.5964,19,6,2,1,394.9559387154769
50,5,2,129.4123,21,6,2,1,386.362038229751
50,5,2,145.3526,23,6,2,1,343.9910947585389
50,5,2,157.1394,23,6,2,1,318.1888183358216
50,5,2,160.0402,21,6,2,1,312.42150409709564
50,5,2,145.3929,21,6,2,1,343.89574731640954
50,5,2,137.6805,21,6,2,1,363.15963408035276
50,5,2,183.6906,23,6,2,1,272.1968353307137
50,5,2,114.0619,15,6,2,1,438.3584702692135
50,10,5,127.4517,29,6,5,1,392.3054772906128
50,10,5,159.5607,39,6,5,1,313.3603700660626
50,10,5,143.404,37,6,5,1,348.6653091963962
50,10,5,162.1293,43,6,5,1,308.3958297482318
50,10,5,164.7111,43,6,5,1,303.56181216687884
50,10,5,201.9567,39,6,5,1,247.57782237479617
50,10,5,158.326,33,6,5,1,315.8041004004396
50,10,5,121.5863,27,6,5,1,411.23054159884794
50,10,5,158.3632,39,6,5,1,315.7299170514362
50,10,5,136.7621,35,6,5,1,365.598363874202
50,10,5,155.8476,41,6,5,1,320.8262430733614
50,10,5,151.2936,39,6,5,1,330.48324582136985
50,10,5,112.8737,29,6,5,1,442.9729866213299
50,10,5,135.1826,33,6,5,1,369.87008683070155
50,10,5,142.0461,33,6,5,1,351.99840051926805
50,10,5,129.5296,31,6,5,1,386.0121547507288
50,10,5,103.1204,25,6,5,1,484.87011299413115
50,10,5,137.8608,33,6,5,1,362.6846790385664
50,10,5,150.3414,39,6,5,1,332.5763894708976
50,10,5,165.7844,45,6,5,1,301.5965313986117
50,10,5,130.2726,33,6,5,1,383.81056338784975
50,10,5,112.1326,29,6,5,1,445.90065690084776
50,10,5,163.6862,45,6,5,1,305.4625252464777
50,10,5,143.9478,39,6,5,1,347.34813592149374
50,10,5,152.3721,37,6,5,1,328.14406311916684
50,10,5,158.691,41,6,5,1,315.07772967591103
50,10,5,149.0358,39,6,5,1,335.48986216734505
50,10,5,157.6798,43,6,5,1,317.09832204251904
50,10,5,128.5998,35,6,5,1,388.80309300636554
50,10,5,159.5132,41,6,5,1,313.4536828300103
50,20,10,167.435,55,6,10,1,298.6233463732195
50,20,10,200.8602,59,6,10,1,248.92935484481248
50,20,10,161.9364,51,6,10,1,308.7631934512562
50,20,10,240.7469,61,6,10,1,207.68699410044323
50,20,10,201.8022,65,6,10,1,247.7673682447466
50,20,10,178.4334,61,6,10,1,280.21659622021434
50,20,10,150.8087,51,6,10,1,331.5458590916837
50,20,10,170.3909,55,6,10,1,293.4429009999947
50,20,10,217.4692,55,6,10,1,229.9176159198636
50,20,10,140.6186,47,6,10,1,355.57173802043263
50,20,10,161.448,53,6,10,1,309.6972399781973
50,20,10,169.6108,57,6,10,1,294.79254858770787
50,20,10,172.7137,59,6,10,1,289.49643253546185
50,20,10,150.9509,51,6,10,1,331.23353355296325
50,20,10,152.2803,51,6,10,1,328.3418800724716
50,20,10,180.7026,55,6,10,1,276.69773428827256
50,20,10,161.9786,53,6,10,1,308.68275191908066
50,20,10,159.8712,53,6,10,1,312.75176517096264
50,20,10,165.7148,57,6,10,1,301.72320154868487
50,20,10,162.08,53,6,10,1,308.48963474827247
50,20,10,162.0408,55,6,10,1,308.56426282763357
50,20,10,184.0559,61,6,10,1,271.6565999785935
50,20,10,159.4741,53,6,10,1,313.5305356794615
50,20,10,190.9451,65,6,10,1,261.85537099407105
50,20,10,181.7935,61,6,10,1,275.0373363184052
50,20,10,185.2005,61,6,10,1,269.97767284645556
50,20,10,180.8554,61,6,10,1,276.46395960529793
50,20,10,161.4158,51,6,10,1,309.75901987289967
50,20,10,169.1836,55,6,10,1,295.53691965415084
50,20,10,158.6974,53,6,10,1,315.0650231194714
50,30,15,191.6768,71,6,15,1,260.8557738860415
50,30,15,155.7235,65,6,15,1,321.0819176296448
50,30,15,157.9045,67,6,15,1,316.6470873217673
50,30,15,176.631,71,6,15,1,283.0760172336679
50,30,15,155.9427,67,6,15,1,320.6305905951353
50,30,15,189.7856,77,6,15,1,263.45518311189045
50,30,15,170.5318,71,6,15,1,293.2004470720417
50,30,15,160.273,67,6,15,1,311.9677051031677
50,30,15,163.6487,69,6,15,1,305.53252179821783
50,30,15,163.4609,67,6,15,1,305.8835476863274
50,30,15,144.2361,63,6,15,1,346.6538543402102
50,30,15,170.0966,67,6,15,1,293.9506139452523
50,30,15,162.4807,69,6,15,1,307.72885641186923
50,30,15,161.5632,67,6,15,1,309.47641542133357
50,30,15,153.534,63,6,15,1,325.6607656935923
50,30,15,147.0393,63,6,15,1,340.0451443933697
50,30,15,182.4382,73,6,15,1,274.0654095469041
50,30,15,196.3624,79,6,15,1,254.631232863318
50,30,15,190.1085,77,6,15,1,263.0077034956354
50,30,15,181.1042,75,6,15,1,276.08415486775016
50,30,15,178.6976,73,6,15,1,279.8023028848737
50,30,15,157.525,67,6,15,1,317.40993493096335
50,30,15,167.391,69,6,15,1,298.70184179555656
50,30,15,146.1173,61,6,15,1,342.19082887515714
50,30,15,160.4388,67,6,15,1,311.64531272983845
50,30,15,176.0716,73,6,15,1,283.9753827420209
50,30,15,166.6635,65,6,15,1,300.00570010830205
50,30,15,142.0416,61,6,15,1,352.00955213120665
50,30,15,163.161,69,6,15,1,306.44578054804765
50,30,15,158.4998,67,6,15,1,315.45781130323195
100,0,0,125.6186,1,0,0,1,796.0604560152716
100,0,0,117.1943,1,0,0,1,853.2838201175313
100,0,0,115.8641,1,0,0,1,863.0801085064313
100,0,0,116.296,1,0,0,1,859.8748022287954
100,0,0,118.2908,1,0,0,1,845.374281009174
100,0,0,118.4038,1,0,0,1,844.567488543442
100,0,0,118.0767,1,0,0,1,846.9071374792825
100,0,0,120.3594,1,0,0,1,830.844952699997
100,0,0,115.7776,1,0,0,1,863.7249347023949
100,0,0,116.2009,1,0,0,1,860.5785325242747
100,0,0,119.0422,1,0,0,1,840.0382385406184
100,0,0,118.2765,1,0,0,1,845.4764894125207
100,0,0,116.3102,1,0,0,1,859.7698224231409
100,0,0,116.6951,1,0,0,1,856.9340100826856
100,0,0,116.1013,1,0,0,1,861.31679834765
100,0,0,117.0668,1,0,0,1,854.2131500989179
100,0,0,126.6011,1,0,0,1,789.8825523632892
100,0,0,132.9384,1,0,0,1,752.2280996311073
100,0,0,116.964,1,0,0,1,854.963920522554
100,0,0,116.4174,1,0,0,1,858.978125263062
100,0,0,117.3994,1,0,0,1,851.7931096751772
100,0,0,119.116,1,0,0,1,839.5177809866013
100,0,0,117.2713,1,0,0,1,852.7235564029733
100,0,0,115.4639,1,0,0,1,866.071560028719
100,0,0,117.076,1,0,0,1,854.1460248044006
100,0,0,118.908,1,0,0,1,840.9863087428937
100,0,0,118.2772,1,0,0,1,845.4714856286757
100,0,0,117.4902,1,0,0,1,851.13481805291
100,0,0,115.7386,1,0,0,1,864.0159808395815
100,0,0,117.1437,1,0,0,1,853.6523944522839
100,5,5,260.781,49,7,5,1,383.4635191981011
100,5,5,242.9377,49,7,5,1,411.6281663982165
100,5,5,199.9851,37,7,5,1,500.03725277533175
100,5,5,240.4035,47,7,5,1,415.9673216072145
100,5,5,269.6567,49,7,5,1,370.8418889647466
100,5,5,256.4762,49,7,5,1,389.8997255885732
100,5,5,255.8122,51,7,5,1,390.91177043159007
100,5,5,263.889,51,7,5,1,378.9472088643331
100,5,5,224.9001,45,7,5,1,444.64186543269653
100,5,5,233.3584,47,7,5,1,428.5253927006699
100,5,5,218.5467,41,7,5,1,457.56810786893607
100,5,5,182.933,35,7,5,1,546.6482263998295
100,5,5,256.7326,51,7,5,1,389.51033098250866
100,5,5,259.6471,51,7,5,1,385.13813556939397
100,5,5,243.3708,45,7,5,1,410.8956374388382
100,5,5,241.0421,47,7,5,1,414.86528701832583
100,5,5,206.9829,41,7,5,1,483.1316983190399
100,5,5,218.1014,43,7,5,1,458.50232965033695
100,5,5,238.4233,49,7,5,1,419.42209507208395
100,5,5,245.3803,47,7,5,1,407.5306778906049
100,5,5,219.7813,41,7,5,1,454.9977636859915
100,5,5,254.1589,51,7,5,1,393.454645892786
100,5,5,242.0883,41,7,5,1,413.0724202697941
100,5,5,300.828,47,7,5,1,332.41586554443074
100,5,5,226.8637,43,7,5,1,440.7933045260216
100,5,5,229.3787,41,7,5,1,435.9602700686681
100,5,5,258.421,47,7,5,1,386.9654555937791
100,5,5,267.9903,51,7,5,1,373.14783408205443
100,5,5,249.9344,49,7,5,1,400.10498754873277
100,5,5,249.0053,49,7,5,1,401.59787763553624
100,10,10,262.3491,63,7,10,1,381.17150011187385
100,10,10,269.1158,67,7,10,1,371.5872498010151
100,10,10,277.6899,73,7,10,1,360.1139256415159
100,10,10,275.502,75,7,10,1,362.9737715152703
100,10,10,290.4168,73,7,10,1,344.33269700650925
100,10,10,244.7192,65,7,10,1,408.6316071644562
100,10,10,262.8269,67,7,10,1,380.4785583210851
100,10,10,263.5046,67,7,10,1,379.50001631850074
100,10,10,319.1356,83,7,10,1,313.34642703603106
100,10,10,283.2075,73,7,10,1,353.0979935206518
100,10,10,272.9495,71,7,10,1,366.36813769580084
100,10,10,277.4565,71,7,10,1,360.41685813812256
100,10,10,293.0817,75,7,10,1,341.20178776088716
100,10,10,275.0715,69,7,10,1,363.54184275724674
100,10,10,286.0306,71,7,10,1,349.61294351023986
100,10,10,273.4818,71,7,10,1,365.6550454180132
100,10,10,282.2171,75,7,10,1,354.33713974100084
100,10,10,315.306,73,7,10,1,317.15222672578386
100,10,10,277.5846,71,7,10,1,360.25053263041247
100,10,10,320.0855,87,7,10,1,312.4165262094034
100,10,10,268.4766,67,7,10,1,372.4719398264132
100,10,10,287.6791,75,7,10,1,347.6095413257341
100,10,10,330.8979,87,7,10,1,302.20802247460625
100,10,10,311.3795,83,7,10,1,321.151520893315
100,10,10,300.9294,79,7,10,1,332.3038559874841
100,10,10,253.418,67,7,10,1,394.6049609735693
100,10,10,291.7043,79,7,10,1,342.8129101970729
100,10,10,285.8292,73,7,10,1,349.8592865949315
100,10,10,278.3505,73,7,10,1,359.2592792181081
100,10,10,275.0783,73,7,10,1,363.5328559177514
100,20,20,348.5094,119,7,20,1,286.93630645256627
100,20,20,365.2599,117,7,20,1,273.77765804568196
100,20,20,307.5194,105,7,20,1,325.18273643874176
100,20,20,323.2489,109,7,20,1,309.35913471012583
100,20,20,324.0731,115,7,20,1,308.5723560517673
100,20,20,354.0269,125,7,20,1,282.4644116026211
100,20,20,291.7897,103,7,20,1,342.71257690041836
100,20,20,325.2951,113,7,20,1,307.41317652802024
100,20,20,287.5308,99,7,20,1,347.78882818814543
100,20,20,322.6143,111,7,20,1,309.9676610739201
100,20,20,356.4596,123,7,20,1,280.53670037221605
100,20,20,318.6601,109,7,20,1,313.8139980499598
100,20,20,316.789,111,7,20,1,315.6675263345634
100,20,20,321.1971,111,7,20,1,311.33531404860133
100,20,20,317.3954,111,7,20,1,315.06442752478455
100,20,20,308.322,111,7,20,1,324.3362458728213
100,20,20,352.3068,121,7,20,1,283.8435136647944
100,20,20,296.7469,103,7,20,1,336.9875136016585
100,20,20,323.4124,113,7,20,1,309.20273928890794
100,20,20,306.7567,105,7,20,1,325.99124974287434
100,20,20,301.5576,105,7,20,1,331.6116058756271
100,20,20,340.2376,115,7,20,1,293.91225425996424
100,20,20,331.0531,115,7,20,1,302.0663452479376
100,20,20,291.1429,103,7,20,1,343.4739435514313
100,20,20,307.1776,109,7,20,1,325.54457095829906
100,20,20,387.4403,119,7,20,1,258.10428084017076
100,20,20,341.8158,105,7,20,1,292.5552300391029
100,20,20,335.9186,111,7,20,1,297.691166848159
100,20,20,338.6143,115,7,20,1,295.3212548908891
100,20,20,329.0688,111,7,20,1,303.8878192037653
100,30,30,364.4084,147,7,30,1,274.41738445107194
100,30,30,333.7985,137,7,30,1,299.58193341192367
100,30,30,331.8732,139,7,30,1,301.31990169739527
100,30,30,346.1466,141,7,30,1,288.89493642289136
100,30,30,331.9915,133,7,30,1,301.21253104371647
100,30,30,346.6113,143,7,30,1,288.50761645682064
100,30,30,333.5277,141,7,30,1,299.8251719422405
100,30,30,341.8519,141,7,30,1,292.52433583080864
100,30,30,342.6457,137,7,30,1,291.8466509283496
100,30,30,322.2624,137,7,30,1,310.30613562115843
100,30,30,320.8991,131,7,30,1,311.62443272667326
100,30,30,307.3799,131,7,30,1,325.3303160030958
100,30,30,332.7759,141,7,30,1,300.5025303815571
100,30,30,369.9981,149,7,30,1,270.27165815175806
100,30,30,318.1909,135,7,30,1,314.276743929509
100,30,30,365.4721,149,7,30,1,273.61869756952717
100,30,30,321.4324,131,7,30,1,311.10740547623703
100,30,30,420.4224,143,7,30,1,237.85602289506934
100,30,30,371.4236,151,7,30,1,269.23437282929785
100,30,30,347.1875,143,7,30,1,288.028802880288
100,30,30,399.0927,147,7,30,1,250.56835166366113
100,30,30,311.3279,133,7,30,1,321.20474907645604
100,30,30,320.9088,137,7,30,1,311.6150133620518
100,30,30,333.5433,139,7,30,1,299.8111489572718
100,30,30,349.4563,147,7,30,1,286.158812990351
100,30,30,319.583,133,7,30,1,312.90775792204215
100,30,30,310.284,131,7,30,1,322.2853901586933
100,30,30,336.9162,141,7,30,1,296.80971113885295
100,30,30,357.8814,143,7,30,1,279.42217729113617
100,30,30,334.7934,141,7,30,1,298.69167074380795
